"source_type","source_id","source_title","source_url","target_url","action","status","notes"
"page","573","Sklep","https://drukarniareklamova.pl/sklep/","https://drukarniareklamova.pl/sklep/","preserve_200","proposed","Zachować dokładny adres i treść odpowiadającą intencji URL."
"page","574","Koszyk","https://drukarniareklamova.pl/koszyk/","https://drukarniareklamova.pl/koszyk/","preserve_200","proposed","Zachować dokładny adres i treść odpowiadającą intencji URL."
"page","575","Zamówienie","https://drukarniareklamova.pl/zamowienie/","https://drukarniareklamova.pl/zamowienie/","preserve_200","proposed","Zachować dokładny adres i treść odpowiadającą intencji URL."
"page","576","Moje konto","https://drukarniareklamova.pl/moje-konto/","https://drukarniareklamova.pl/moje-konto/","preserve_200","proposed","Zachować dokładny adres i treść odpowiadającą intencji URL."
"page","606","Regulamin","https://drukarniareklamova.pl/regulamin/","https://drukarniareklamova.pl/regulamin/","preserve_200","proposed","Zachować dokładny adres i treść odpowiadającą intencji URL."
"page","609","Polityka prywatności","https://drukarniareklamova.pl/polityka-prywatnosci/","https://drukarniareklamova.pl/polityka-prywatnosci/","preserve_200","proposed","Zachować dokładny adres i treść odpowiadającą intencji URL."
"page","626","Polityka plików cookie","https://drukarniareklamova.pl/polityka-plikow-cookie/","https://drukarniareklamova.pl/polityka-plikow-cookie/","preserve_200","proposed","Zachować dokładny adres i treść odpowiadającą intencji URL."
"homepage","652","Strona główna","https://drukarniareklamova.pl/","https://drukarniareklamova.pl/","preserve_200","proposed","Zachować dokładny adres i treść odpowiadającą intencji URL."
"page","2163","Kontakt","https://drukarniareklamova.pl/kontakt/","https://drukarniareklamova.pl/kontakt/","preserve_200","proposed","Zachować dokładny adres i treść odpowiadającą intencji URL."
"page","2177","O nas","https://drukarniareklamova.pl/o-nas/","https://drukarniareklamova.pl/o-nas/","preserve_200","proposed","Zachować dokładny adres i treść odpowiadającą intencji URL."
"product","848","Baner Borówki","https://drukarniareklamova.pl/produkt/baner-borowki/","https://drukarniareklamova.pl/produkt/baner-borowki/","preserve_200","proposed","Zachować dokładny adres i treść odpowiadającą intencji URL."
"product","937","Baner Frytki","https://drukarniareklamova.pl/produkt/baner-frytki/","https://drukarniareklamova.pl/produkt/baner-frytki/","preserve_200","proposed","Zachować dokładny adres i treść odpowiadającą intencji URL."
"product","943","Baner Wymiana opon","https://drukarniareklamova.pl/produkt/baner-wymiana-opon/","https://drukarniareklamova.pl/produkt/baner-wymiana-opon/","preserve_200","proposed","Zachować dokładny adres i treść odpowiadającą intencji URL."
"product","949","Baner Ziemniaki","https://drukarniareklamova.pl/produkt/baner-ziemniaki/","https://drukarniareklamova.pl/produkt/baner-ziemniaki/","preserve_200","proposed","Zachować dokładny adres i treść odpowiadającą intencji URL."
"product","1066","Motto życiowe Michaela Scotta","https://drukarniareklamova.pl/produkt/motto-zyciowe-michaela-scotta/","https://drukarniareklamova.pl/produkt/motto-zyciowe-michaela-scotta/","preserve_200","proposed","Zachować dokładny adres i treść odpowiadającą intencji URL."
"product","1156","Plakat That's what she said","https://drukarniareklamova.pl/produkt/plakat-thats-what-she-said/","https://drukarniareklamova.pl/produkt/plakat-thats-what-she-said/","preserve_200","proposed","Zachować dokładny adres i treść odpowiadającą intencji URL."
"product","1165","Plakat This is the worst","https://drukarniareklamova.pl/produkt/plakat-this-is-the-worst/","https://drukarniareklamova.pl/produkt/plakat-this-is-the-worst/","preserve_200","proposed","Zachować dokładny adres i treść odpowiadającą intencji URL."
"product","1179","Plakat No God, Please No!","https://drukarniareklamova.pl/produkt/plakat-no-god-please-no/","https://drukarniareklamova.pl/produkt/plakat-no-god-please-no/","preserve_200","proposed","Zachować dokładny adres i treść odpowiadającą intencji URL."
"product","1188","Plakat Kubek Michaela","https://drukarniareklamova.pl/produkt/plakat-kubek-michaela/","https://drukarniareklamova.pl/produkt/plakat-kubek-michaela/","preserve_200","proposed","Zachować dokładny adres i treść odpowiadającą intencji URL."
"product","1225","Plakat Marmurowy Księżyc","https://drukarniareklamova.pl/produkt/plakat-marmurowy-ksiezyc/","https://drukarniareklamova.pl/produkt/plakat-marmurowy-ksiezyc/","preserve_200","proposed","Zachować dokładny adres i treść odpowiadającą intencji URL."
"product","1234","Plakat Geometryczne wzory","https://drukarniareklamova.pl/produkt/plakat-geometryczne-wzory/","https://drukarniareklamova.pl/produkt/plakat-geometryczne-wzory/","preserve_200","proposed","Zachować dokładny adres i treść odpowiadającą intencji URL."
"product","1243","Plakat Nieregularne Formy","https://drukarniareklamova.pl/produkt/plakat-nieregularne-formy/","https://drukarniareklamova.pl/produkt/plakat-nieregularne-formy/","preserve_200","proposed","Zachować dokładny adres i treść odpowiadającą intencji URL."
"product","1252","Plakat Spokojna plaża","https://drukarniareklamova.pl/produkt/plakat-spokojna-plaza/","https://drukarniareklamova.pl/produkt/plakat-spokojna-plaza/","preserve_200","proposed","Zachować dokładny adres i treść odpowiadającą intencji URL."
"product","1261","Plakat Przejścia Harmonii","https://drukarniareklamova.pl/produkt/plakat-przejscia-harmonii/","https://drukarniareklamova.pl/produkt/plakat-przejscia-harmonii/","preserve_200","proposed","Zachować dokładny adres i treść odpowiadającą intencji URL."
"product","1270","Plakat Złoty Urok","https://drukarniareklamova.pl/produkt/plakat-zloty-urok/","https://drukarniareklamova.pl/produkt/plakat-zloty-urok/","preserve_200","proposed","Zachować dokładny adres i treść odpowiadającą intencji URL."
"product","1292","Plakat Siła Milczenia","https://drukarniareklamova.pl/produkt/plakat-sila-milczenia/","https://drukarniareklamova.pl/produkt/plakat-sila-milczenia/","preserve_200","proposed","Zachować dokładny adres i treść odpowiadającą intencji URL."
"product","1301","Plakat Elegancja w Ciszy","https://drukarniareklamova.pl/produkt/plakat-elegancja-w-ciszy/","https://drukarniareklamova.pl/produkt/plakat-elegancja-w-ciszy/","preserve_200","proposed","Zachować dokładny adres i treść odpowiadającą intencji URL."
"product","1310","Plakat Tajemnica Oczu","https://drukarniareklamova.pl/produkt/plakat-tajemnica-oczu/","https://drukarniareklamova.pl/produkt/plakat-tajemnica-oczu/","preserve_200","proposed","Zachować dokładny adres i treść odpowiadającą intencji URL."
"product","1319","Plakat Światło w Kroplach","https://drukarniareklamova.pl/produkt/plakat-swiatlo-w-kroplach/","https://drukarniareklamova.pl/produkt/plakat-swiatlo-w-kroplach/","preserve_200","proposed","Zachować dokładny adres i treść odpowiadającą intencji URL."
"product","1328","Plakat Skryte Wątki Natury","https://drukarniareklamova.pl/produkt/plakat-skryte-watki-natury/","https://drukarniareklamova.pl/produkt/plakat-skryte-watki-natury/","preserve_200","proposed","Zachować dokładny adres i treść odpowiadającą intencji URL."
"product","1337","Plakat Harmonia natury","https://drukarniareklamova.pl/produkt/plakat-harmonia-natury/","https://drukarniareklamova.pl/produkt/plakat-harmonia-natury/","preserve_200","proposed","Zachować dokładny adres i treść odpowiadającą intencji URL."
"product","1346","Plakat Przez Zasłonę Mgły","https://drukarniareklamova.pl/produkt/plakat-przez-zaslone-mgly/","https://drukarniareklamova.pl/produkt/plakat-przez-zaslone-mgly/","preserve_200","proposed","Zachować dokładny adres i treść odpowiadającą intencji URL."
"product","1355","Plakat Tajemnice Morskiego Tumultu","https://drukarniareklamova.pl/produkt/plakat-tajemnice-morskiego-tumultu/","https://drukarniareklamova.pl/produkt/plakat-tajemnice-morskiego-tumultu/","preserve_200","proposed","Zachować dokładny adres i treść odpowiadającą intencji URL."
"product","1364","Plakat Morska przygoda","https://drukarniareklamova.pl/produkt/plakat-morska-przygoda/","https://drukarniareklamova.pl/produkt/plakat-morska-przygoda/","preserve_200","proposed","Zachować dokładny adres i treść odpowiadającą intencji URL."
"product","1373","Naklejka Obiekt monitorowany","https://drukarniareklamova.pl/produkt/naklejka-obiekt-monitorowany/","https://drukarniareklamova.pl/produkt/naklejka-obiekt-monitorowany/","preserve_200","proposed","Zachować dokładny adres i treść odpowiadającą intencji URL."
"product","1434","Plakat Harmonia Ruchu","https://drukarniareklamova.pl/produkt/plakat-harmonia-ruchu/","https://drukarniareklamova.pl/produkt/plakat-harmonia-ruchu/","preserve_200","proposed","Zachować dokładny adres i treść odpowiadającą intencji URL."
"product","1443","Plakat Eteryczna Gra Kolorów","https://drukarniareklamova.pl/produkt/plakat-eteryczna-gra-kolorow/","https://drukarniareklamova.pl/produkt/plakat-eteryczna-gra-kolorow/","preserve_200","proposed","Zachować dokładny adres i treść odpowiadającą intencji URL."
"product","1452","Plakat Mistrz Mądrości","https://drukarniareklamova.pl/produkt/plakat-mistrz-madrosci/","https://drukarniareklamova.pl/produkt/plakat-mistrz-madrosci/","preserve_200","proposed","Zachować dokładny adres i treść odpowiadającą intencji URL."
"product","1461","Plakat Delikatność Lilii","https://drukarniareklamova.pl/produkt/plakat-delikatnosc-lilii/","https://drukarniareklamova.pl/produkt/plakat-delikatnosc-lilii/","preserve_200","proposed","Zachować dokładny adres i treść odpowiadającą intencji URL."
"product","1470","Plakat Wysokość Inspiracji","https://drukarniareklamova.pl/produkt/plakat-wysokosc-inspiracji/","https://drukarniareklamova.pl/produkt/plakat-wysokosc-inspiracji/","preserve_200","proposed","Zachować dokładny adres i treść odpowiadającą intencji URL."
"product","1504","Baner Mandarynki","https://drukarniareklamova.pl/produkt/baner-mandarynki/","https://drukarniareklamova.pl/produkt/baner-mandarynki/","preserve_200","proposed","Zachować dokładny adres i treść odpowiadającą intencji URL."
"product","1510","Baner Truskawki","https://drukarniareklamova.pl/produkt/baner-truskawki/","https://drukarniareklamova.pl/produkt/baner-truskawki/","preserve_200","proposed","Zachować dokładny adres i treść odpowiadającą intencji URL."
"product","1516","Baner Pieczywo","https://drukarniareklamova.pl/produkt/baner-pieczywo/","https://drukarniareklamova.pl/produkt/baner-pieczywo/","preserve_200","proposed","Zachować dokładny adres i treść odpowiadającą intencji URL."
"product","1522","Baner Kurczak z rożna","https://drukarniareklamova.pl/produkt/baner-kurczak-z-rozna/","https://drukarniareklamova.pl/produkt/baner-kurczak-z-rozna/","preserve_200","proposed","Zachować dokładny adres i treść odpowiadającą intencji URL."
"product","1613","Baner Drewno kominkowe","https://drukarniareklamova.pl/produkt/baner-drewno-kominkowe/","https://drukarniareklamova.pl/produkt/baner-drewno-kominkowe/","preserve_200","proposed","Zachować dokładny adres i treść odpowiadającą intencji URL."
"product","1673","Papier transferowy Oratape MT52 10 cm","https://drukarniareklamova.pl/produkt/papier-transferowy-oratape-mt52-10-cm/","https://drukarniareklamova.pl/produkt/papier-transferowy-oratape-mt52-10-cm/","preserve_200","proposed","Zachować dokładny adres i treść odpowiadającą intencji URL."
"product","1708","Baner Wulkanizacja","https://drukarniareklamova.pl/produkt/baner-wulkanizacja/","https://drukarniareklamova.pl/produkt/baner-wulkanizacja/","preserve_200","proposed","Zachować dokładny adres i treść odpowiadającą intencji URL."
"product","1728","Baner Owoce sezonowe","https://drukarniareklamova.pl/produkt/baner-owoce-sezonowe/","https://drukarniareklamova.pl/produkt/baner-owoce-sezonowe/","preserve_200","proposed","Zachować dokładny adres i treść odpowiadającą intencji URL."
"product","1735","Baner Pomidory","https://drukarniareklamova.pl/produkt/baner-pomidory/","https://drukarniareklamova.pl/produkt/baner-pomidory/","preserve_200","proposed","Zachować dokładny adres i treść odpowiadającą intencji URL."
"product","1741","Baner Maliny","https://drukarniareklamova.pl/produkt/baner-maliny/","https://drukarniareklamova.pl/produkt/baner-maliny/","preserve_200","proposed","Zachować dokładny adres i treść odpowiadającą intencji URL."
"product","1749","Baner Jabłka","https://drukarniareklamova.pl/produkt/baner-jablka/","https://drukarniareklamova.pl/produkt/baner-jablka/","preserve_200","proposed","Zachować dokładny adres i treść odpowiadającą intencji URL."
"product","1763","Baner Lody","https://drukarniareklamova.pl/produkt/baner-lody/","https://drukarniareklamova.pl/produkt/baner-lody/","preserve_200","proposed","Zachować dokładny adres i treść odpowiadającą intencji URL."
"product","1786","Smycze z karabińczykiem","https://drukarniareklamova.pl/produkt/smycze-z-karabinczykiem/","https://drukarniareklamova.pl/produkt/smycze-z-karabinczykiem/","preserve_200","proposed","Zachować dokładny adres i treść odpowiadającą intencji URL."
"product","1974","Baner Pumpkin Spice Latte","https://drukarniareklamova.pl/produkt/baner-pumpkin-spice-latte/","https://drukarniareklamova.pl/produkt/baner-pumpkin-spice-latte/","preserve_200","proposed","Zachować dokładny adres i treść odpowiadającą intencji URL."
"product","2027","Baner Kapusta Szatkowana","https://drukarniareklamova.pl/produkt/baner-kapusta-szatkowana/","https://drukarniareklamova.pl/produkt/baner-kapusta-szatkowana/","preserve_200","proposed","Zachować dokładny adres i treść odpowiadającą intencji URL."
"product","2130","Baner Winter Sale","https://drukarniareklamova.pl/produkt/baner-winter-sale/","https://drukarniareklamova.pl/produkt/baner-winter-sale/","preserve_200","proposed","Zachować dokładny adres i treść odpowiadającą intencji URL."
"product","2139","Baner Zimowy Sprzęt","https://drukarniareklamova.pl/produkt/baner-zimowy-sprzet/","https://drukarniareklamova.pl/produkt/baner-zimowy-sprzet/","preserve_200","proposed","Zachować dokładny adres i treść odpowiadającą intencji URL."
"product","2146","Baner Żywy Karp","https://drukarniareklamova.pl/produkt/baner-zywy-karp/","https://drukarniareklamova.pl/produkt/baner-zywy-karp/","preserve_200","proposed","Zachować dokładny adres i treść odpowiadającą intencji URL."
"product","2200","Folia transportowa Oratape MT95 10cm","https://drukarniareklamova.pl/produkt/folia-transportowa-oratape-mt95-10cm/","https://drukarniareklamova.pl/produkt/folia-transportowa-oratape-mt95-10cm/","preserve_200","proposed","Zachować dokładny adres i treść odpowiadającą intencji URL."
"product","2201","Folia transportowa Oratape MT95 15cm","https://drukarniareklamova.pl/produkt/folia-transportowa-oratape-mt95-15cm/","https://drukarniareklamova.pl/produkt/folia-transportowa-oratape-mt95-15cm/","preserve_200","proposed","Zachować dokładny adres i treść odpowiadającą intencji URL."
"product","2202","Folia transportowa Oratape MT95 20cm","https://drukarniareklamova.pl/produkt/folia-transportowa-oratape-mt95-20cm/","https://drukarniareklamova.pl/produkt/folia-transportowa-oratape-mt95-20cm/","preserve_200","proposed","Zachować dokładny adres i treść odpowiadającą intencji URL."
"product","2262","Papier transferowy Oratape MT52 20 cm","https://drukarniareklamova.pl/produkt/papier-transferowy-oratape-mt52-20-cm/","https://drukarniareklamova.pl/produkt/papier-transferowy-oratape-mt52-20-cm/","preserve_200","proposed","Zachować dokładny adres i treść odpowiadającą intencji URL."
"product","2263","Papier transferowy Oratape MT52 30 cm","https://drukarniareklamova.pl/produkt/papier-transferowy-oratape-mt52-30-cm/","https://drukarniareklamova.pl/produkt/papier-transferowy-oratape-mt52-30-cm/","preserve_200","proposed","Zachować dokładny adres i treść odpowiadającą intencji URL."
"product","2264","Papier transferowy Oratape MT52 50 cm","https://drukarniareklamova.pl/produkt/papier-transferowy-oratape-mt52-50-cm/","https://drukarniareklamova.pl/produkt/papier-transferowy-oratape-mt52-50-cm/","preserve_200","proposed","Zachować dokładny adres i treść odpowiadającą intencji URL."
"product","2265","Papier transferowy Oratape MT52 100 cm","https://drukarniareklamova.pl/produkt/papier-transferowy-oratape-mt52-100-cm/","https://drukarniareklamova.pl/produkt/papier-transferowy-oratape-mt52-100-cm/","preserve_200","proposed","Zachować dokładny adres i treść odpowiadającą intencji URL."
"product","2266","Papier transferowy Oratape MT52 122 cm","https://drukarniareklamova.pl/produkt/papier-transferowy-oratape-mt52-122-cm/","https://drukarniareklamova.pl/produkt/papier-transferowy-oratape-mt52-122-cm/","preserve_200","proposed","Zachować dokładny adres i treść odpowiadającą intencji URL."
"product","2267","Folia transportowa Oratape MT95 30cm","https://drukarniareklamova.pl/produkt/folia-transportowa-oratape-mt95-30cm/","https://drukarniareklamova.pl/produkt/folia-transportowa-oratape-mt95-30cm/","preserve_200","proposed","Zachować dokładny adres i treść odpowiadającą intencji URL."
"product","2268","Folia transportowa Oratape MT95 40cm","https://drukarniareklamova.pl/produkt/folia-transportowa-oratape-mt95-40cm/","https://drukarniareklamova.pl/produkt/folia-transportowa-oratape-mt95-40cm/","preserve_200","proposed","Zachować dokładny adres i treść odpowiadającą intencji URL."
"product","2269","Folia transportowa Oratape MT95 50cm","https://drukarniareklamova.pl/produkt/folia-transportowa-oratape-mt95-50cm/","https://drukarniareklamova.pl/produkt/folia-transportowa-oratape-mt95-50cm/","preserve_200","proposed","Zachować dokładny adres i treść odpowiadającą intencji URL."
"product","2270","Folia transportowa Oratape MT95 100cm","https://drukarniareklamova.pl/produkt/folia-transportowa-oratape-mt95-100cm/","https://drukarniareklamova.pl/produkt/folia-transportowa-oratape-mt95-100cm/","preserve_200","proposed","Zachować dokładny adres i treść odpowiadającą intencji URL."
"product","2271","Folia transportowa Oratape MT95 122cm","https://drukarniareklamova.pl/produkt/folia-transportowa-oratape-mt95-122cm/","https://drukarniareklamova.pl/produkt/folia-transportowa-oratape-mt95-122cm/","preserve_200","proposed","Zachować dokładny adres i treść odpowiadającą intencji URL."
"product","2272","Folia transportowa Oratape MT95 137cm","https://drukarniareklamova.pl/produkt/folia-transportowa-oratape-mt95-137cm/","https://drukarniareklamova.pl/produkt/folia-transportowa-oratape-mt95-137cm/","preserve_200","proposed","Zachować dokładny adres i treść odpowiadającą intencji URL."
"product_category","23","Reklama","https://drukarniareklamova.pl/kategoria/reklama/","","remove_410","proposed","Pusta kategoria; potwierdzić przed cutover."
"product_category","31","Gotowe banery","https://drukarniareklamova.pl/kategoria/gotowe-banery/","https://drukarniareklamova.pl/kategoria/gotowe-banery/","preserve_200","proposed","Zachować dokładny adres i treść odpowiadającą intencji URL."
"product_category","32","Naklejki","https://drukarniareklamova.pl/kategoria/naklejki/","https://drukarniareklamova.pl/kategoria/naklejki/","preserve_200","proposed","Zachować dokładny adres i treść odpowiadającą intencji URL."
"product_category","38","Plakaty","https://drukarniareklamova.pl/kategoria/plakaty/","https://drukarniareklamova.pl/kategoria/plakaty/","preserve_200","proposed","Zachować dokładny adres i treść odpowiadającą intencji URL."
"product_category","40","Filmy i Seriale","https://drukarniareklamova.pl/kategoria/plakaty/filmy-i-seriale/","https://drukarniareklamova.pl/kategoria/plakaty/filmy-i-seriale/","preserve_200","proposed","Zachować dokładny adres i treść odpowiadającą intencji URL."
"product_category","49","Natura","https://drukarniareklamova.pl/kategoria/plakaty/natura/","https://drukarniareklamova.pl/kategoria/plakaty/natura/","preserve_200","proposed","Zachować dokładny adres i treść odpowiadającą intencji URL."
"product_category","50","Ludzie","https://drukarniareklamova.pl/kategoria/plakaty/ludzie/","https://drukarniareklamova.pl/kategoria/plakaty/ludzie/","preserve_200","proposed","Zachować dokładny adres i treść odpowiadającą intencji URL."
"product_category","51","Abstrakcja","https://drukarniareklamova.pl/kategoria/plakaty/abstrakcja/","https://drukarniareklamova.pl/kategoria/plakaty/abstrakcja/","preserve_200","proposed","Zachować dokładny adres i treść odpowiadającą intencji URL."
"product_category","52","Oznakowania","https://drukarniareklamova.pl/kategoria/naklejki/oznakowania/","https://drukarniareklamova.pl/kategoria/naklejki/oznakowania/","preserve_200","proposed","Zachować dokładny adres i treść odpowiadającą intencji URL."
"product_category","53","Ulotki","https://drukarniareklamova.pl/kategoria/ulotki/","","remove_410","proposed","Pusta kategoria; potwierdzić przed cutover."
"product_category","60","Materiały reklamowe","https://drukarniareklamova.pl/kategoria/materialy-reklamowe/","https://drukarniareklamova.pl/kategoria/materialy-reklamowe/","preserve_200","proposed","Zachować dokładny adres i treść odpowiadającą intencji URL."
"product_category","61","Smycze","https://drukarniareklamova.pl/kategoria/smycze/","https://drukarniareklamova.pl/kategoria/smycze/","preserve_200","proposed","Zachować dokładny adres i treść odpowiadającą intencji URL."
"product_category","74","Folia transferowa","https://drukarniareklamova.pl/kategoria/materialy-reklamowe/folia-transferowa/","https://drukarniareklamova.pl/kategoria/materialy-reklamowe/folia-transferowa/","preserve_200","proposed","Zachować dokładny adres i treść odpowiadającą intencji URL."
"product_category","75","Papier transportowy","https://drukarniareklamova.pl/kategoria/materialy-reklamowe/papier-transportowy/","https://drukarniareklamova.pl/kategoria/materialy-reklamowe/papier-transportowy/","preserve_200","proposed","Zachować dokładny adres i treść odpowiadającą intencji URL."
